,accuracy,precision,recall,f1
train,0.8159028831562974,0.3746149761019649,0.9519568151147099,0.5376524390243902
test,0.8074775430929837,0.3646569646569647,0.9379679144385027,0.5251497005988025
